shop_name,shop_address,location
汪家馄饨(雨花台店),雨花台风景区北大门斜对面,"118.783009339,32.0073323216"
弄堂里(雨花客厅店),软件大道109号雨花客厅8幢2F,"118.771879424,31.9834264306"
S&P;心恩派餐厅(雨花客厅店),安德门大街雨花客厅负一楼,"113.020200715,28.1464443621"
蓝象泰国餐厅(雨花客厅店),软件大道109号,"119.27758786,26.1190882706"
热啊,虹悦城4楼M07,"108.963963576,34.2494891045"
独一道邵伯龙虾(雨花西路店),雨花南路与雨花西路交叉口工商银行旁边,"118.772395945,32.0022200057"
柒云间铁板烧(天隆寺雨花客厅EPARK店),软件大道109号雨花客厅8号楼2楼,"118.771618422,31.9848777492"
L'Arôme Express芳芳简餐厅(虹悦城店),应天大街619号虹悦城负一楼,"118.772547855,32.0151614877"
盱眙杨氏青龙虾(虹悦后街店),长虹南路415号凤凰和美小区大门正对面2楼近虹悦城地下停车场长虹南路出口,"118.772547855,32.0151614877"
渔丼(虹悦城店),应天大街619号虹悦城B1层,"118.772547855,32.0151614877"
鱼米乡(雨花客厅店),软件大道109号雨花客厅2楼,"113.020200715,28.1464443621"
蛙喔潮牌牛蛙餐厅(雨花客厅店),铁心桥镇软件大道109号雨花客厅2F-20号,"113.020200715,28.1464443621"
虾米餐厅(虹悦城店),应天大街619号虹悦城B1层,"118.772547855,32.0151614877"
素匠泰茶(雨花客厅店),软件大道109号雨花客厅7栋117商铺,"118.771879424,31.9834264306"
鱼留唇(虹悦城店),长虹路224号虹悦城负一楼,"118.772547855,32.0151614877"
水林间(虹悦城店),应天大街619号虹悦城B1层,"118.772547855,32.0151614877"
花味(雨花客厅店),软件大道109号,"119.27758786,26.1190882706"
龙景国品(雨花客厅店),软件大道109号雨花客厅9号楼2层21号,"118.771618422,31.9848777492"
米纸越南小馆·PHO(虹悦城店),应天大街619号虹悦城B1层,"118.772547855,32.0151614877"
炎寿司专门店(南站店),绿都大道5号绿地之窗C-213号,"118.796569511,31.973807634"
大咀港式茶餐厅(雨花客厅店),软件大道109号雨花客厅8幢2层05号,"118.771879424,31.9834264306"
遇见拿破仑(全城外送店),丁墙路明发商业广场1幢,"118.803175771,31.98502767"
博串堂(明发商业广场店),明城大道明发广场地铁站2B出口旁,"118.802869892,31.9821874161"
大曜日料,软件大道109号山姆会员店F1,"119.27758786,26.1190882706"
避风塘(虹悦城店),应天大街619号虹悦城4楼M10,"118.772547855,32.0151614877"
丹东丛炟海鲜烧烤,江艺路21-5号,"118.751987796,31.9675520318"
褚记北京烤鸭店(雨花客厅店),软件大道109号雨花客厅E-PARK北区2F-07号,"118.770724023,31.9833965308"
源香潮汕粥(雨花客厅店),软件大道109号雨花客厅9栋2F15号,"118.771879424,31.9834264306"
桃香日式融合料理,卡子门大街活力广场1楼,"118.07075377,36.8740811357"
雀舞·云南菜,软件大道109号雨花客厅2F-06,"113.020200715,28.1464443621"
晋家门(雨花客厅店),丰盛雨花客厅2楼,"118.771618422,31.9848777492"
六串门(楚翘城店),宁双路楚翘城一楼,"118.771175734,31.976814944"
大牌小厨(虹悦城店),应天大街619号虹悦城B1层,"118.772547855,32.0151614877"
小伙子烧烤,春园路1号楼105室,"118.755910217,31.9649653715"
夜上海(虹悦城店),应天大街619号虹悦城4层,"118.772547855,32.0151614877"
钱记生态酒店,紫荆花东路20号,"118.800763679,31.9986047494"
雪香东北菜(虹悦城店),应天大街619号虹悦城5层,"118.772547855,32.0151614877"
源氏物语(雨花客厅E-Park店),软件大道109号雨花客厅E-PARK购物中心二楼F04,"118.770724023,31.9833965308"
云海肴云南菜(虹悦城店),应天大街619号4F-E06,"118.773367377,32.0150706698"
雅宴精致涮涮锅(雨花客厅店),安德门大街47号雨花客厅9号楼2楼F18,"118.771618422,31.9848777492"
七欣天品蟹轩(紫荆广场店),雨花东路158号,"118.799679374,31.9985134318"
新石器烤肉(虹悦城店),应天大街619号虹悦城B1-W16号,"118.770597452,32.0150492765"
江宴渔村(紫荆广场三店),雨花东路紫荆广场,"118.800620978,31.998112511"
厨娘.CN(虹悦城店),应天大街619号虹悦城4层,"118.772547855,32.0151614877"
吾心面馆,绿都大道13号103-104,"118.798769061,31.976139803"
尚玖金湖龙虾烤吧,春江路49号蓝岸尚城2幢102室,"118.76656415,31.9672661666"
金玺泰茶,雨花西路龙翔百货市场A1105,"118.775418622,32.0060355456"
伍舍清尚日本料理(楚翘城店),楚翘城一楼111A,"118.771175734,31.976814944"
小胖子龙虾肚包鸡,新湖大道9号花生唐广场3栋113,"118.665962067,31.9131469068"
武面(虹悦城店),应天大街619号虹悦城B1层,"118.772547855,32.0151614877"
第八仙烤鸭舌,雨花西路123号-1,"118.77382699,32.0035621965"
苗小坛酸汤鱼捞饭(铁心桥店),铁心桥街道软件大道109号3幢,"118.770724023,31.9833965308"
汉堡王(南京紫荆广场店),养回红村158号紫荆广场一层255、二层324号商铺,"121.523047723,31.2807606686"
西贝莜面村(南京华为店),软件大道101号华为食堂,"118.776173132,31.9827115564"
麻辣盛艳(雨花客厅店),软件大道109号雨花客厅E-PARK购物中心2F-22,"118.770724023,31.9833965308"
阿拉丁新疆风味餐厅·清真(紫荆广场店),雨花东路158号紫荆广场·花漫里负一层电梯旁,"118.799828403,31.998242732"
鹅公馆广式碳炉火锅,雨花西路123号,"118.77382699,32.0035621965"
回味鸭血粉丝汤(明发广场店),玉兰路99号明发商业广场永辉超市一层,"118.803408151,31.9831730669"
阚老二鸭子店,雨花北路雨花新村二村8栋,"118.779954906,32.0041225062"
清真.伊犛沐歌,软件大道109号雨花客厅2f,"113.020200715,28.1464443621"
港肴鲜(紫荆广场店),雨花东路158号紫荆广场花漫里C栋2F,"118.800774175,31.9987443681"
冰之优作雪域慕斯蛋糕店(虹悦城店),长虹路德盈广场2栋1621室,"118.771555329,32.0148635015"
塔可墨西哥餐厅(虹悦城店),应天大街619号德盈国际广场4楼,"118.772421961,32.0146843318"
骐记香港茶餐厅(紫荆广场店),紫荆花东路紫荆广场一楼电梯口处,"118.800620978,31.998112511"
鱼无双(明发广场店),明城大道明发广场1栋1362永辉超市入口处,"118.80271418,31.9848251295"
白音塔娜涮羊肉·烧烤龙虾夜宵(郁金香路店),郁金香路19号,"118.782899638,31.987788633"
奇和北京烤鸭,雨花台区石华街17号,"118.794104617,31.9756304105"
虾鲜度龙虾海鲜(全场配送),明城大道明发商业广场2栋31080号（本店尚不堂食，请期待万科旗舰店,"118.806662626,31.984818794"
肆食概念串串料理,卡子门大街活力广场1楼,"118.07075377,36.8740811357"
问余,雨花东路158号紫荆广场负一楼,"118.800620978,31.998112511"
热辣桑巴重庆火锅美蛙鱼头(楚翘城店),安德门大街57号楚翘城4楼蓝湾咖啡旁边,"118.77107544,31.9768521437"
牛芝家(虹悦城店),应天大街619号虹悦城B1层,"118.772547855,32.0151614877"
奶酪时光-休闲主题餐厅(虹悦城店),应天大街619号虹悦城3层,"118.772547855,32.0151614877"
三个叔叔手工吐司,新湖大道金地自在城3期西门隔壁,"118.668715638,31.9133402614"
小马哥龙虾(雨花店),赛虹桥街道长虹路308号,"118.774691284,32.0082316976"
秦滋汉味(紫荆广场店),雨花东路158号紫荆广场负一楼116号大门内右手第一家,"118.800620978,31.998112511"
落端云串串香(虹悦城店),长虹路虹悦后街一号楼103室,"118.770789375,32.0143700081"
小杨生煎(雨花客厅店),软件大道109号9号楼负一层31号,"119.27758786,26.1190882706"
一点点(苏尧街区虹悦城店),长虹路415号,"118.770512179,32.0142994602"
星湖龙虾,铁心桥街道秦河坊7幢1014-1号,"118.756896586,31.9693782621"
捉鸭记吮指鸭爪爪干锅,卡子门大街复地活力广场1楼,"118.806909903,31.9909251505"
清溪川韩国烤肉,安德门大街57号楚翘城商场内,"118.771175734,31.976814944"
佰人王串串香火锅(长虹路店),长虹路铁道口旁西营村188号佰人王串串香火锅店,"118.778190918,32.0473290777"
鸭得堡老鸭粉丝(雨花客厅店),铁心桥街道软件大道109号雨花客厅8幢B1F-17-4,"118.771655027,31.9822184863"
坛湘剁椒鱼头(雨花客厅店),软件大道109号雨花客厅2楼,"113.020200715,28.1464443621"
五行缺肉(复地宴南都店),汇景北路与卡子门大街交汇处复地宴南都活力广场1楼,"118.811522317,31.9883039206"
章云板鸭店,能仁里菜场大门口,"118.779108329,32.0074155438"
贝尼泰迪de炸鱼薯条(雨花客厅店),软件大道109号雨花客厅8号楼2f14c,"118.771618422,31.9848777492"
希味韩料,紫荆花东路1号紫荆广场负一层,"118.800620978,31.998112511"
酵墅(虹悦城店),应天大街619号虹悦城B1F-12w-1,"118.772547855,32.0151614877"
磁器口火锅,雨花东路158号紫荆国际广场1F262,"118.799679374,31.9985134318"
蚝干芥菜饭,长虹路415号4幢104室A5部分,"118.770580114,32.0140759742"
老陈家石磨豆腐脑,长虹路415号长虹新寓西南门旁,"118.77040867,32.0144661904"
巧盒(紫荆广场店),紫荆广场负一层,"121.523047723,31.2807606686"
彤德莱火锅(岱山店),衡村街9-8-4平治北苑底商,"118.705529281,31.9451892839"
糊世刺身(虹悦城店),长虹路415号4栋103室,"118.770580114,32.0140759742"
新杂志咖啡(紫荆广场店),雨花东路158号紫荆广场3栋1层,"118.800620978,31.998112511"
真来斯肚煲鸡馆(铁心桥店),江艺路梦之香商务宾馆对面,"118.751409383,31.9660694059"
大鼓米线(雨花客厅店),软件大道雨花客厅2楼,"113.020200715,28.1464443621"
川十三民谣火锅,春江新城秦河坊8幢101,"118.756948171,31.9686845805"
DQ(虹悦城店),应天大街619号虹悦城4F,"118.771784237,32.0144276633"
桂源铺港式奶茶(紫荆花漫里店),雨花东路158号花漫里B1楼,"118.799828403,31.998242732"
望湘园(南京虹悦城店),应天大街619号虹悦城4楼,"118.772547855,32.0151614877"
小厨娘淮扬菜(板桥店),板桥街道雄风路309号,"118.650391687,31.9171654136"
盆盆鲜中餐厅,岱善路与衡村街交叉口东南角,"118.702030744,31.9456384452"
赤豆记(明发商业广场店),明城大道明发商业广场1608号,"118.803368957,31.9822650549"
老娘舅(雨花客厅店),雨花客厅负一楼,"113.020200715,28.1464443621"
牛哥的凉皮铺(虹悦城店),应天大街619号虹悦城B1层,"118.772547855,32.0151614877"
满记甜品(虹悦城店),应天大街619号1楼M01商铺,"118.773367377,32.0150706698"
小时面馆(共青团路店),共青团路25号,"117.013705639,36.6696814833"
必胜客(虹悦城店),应天大街619号一层1F-W01,"118.773367377,32.0150706698"
拿渡麻辣香锅(虹悦城店),应天大街619号虹悦城4层M02室,"118.772547855,32.0151614877"
外婆私房菜(楚翘城店),安德门大街57号楚翘城2楼,"118.771175734,31.976814944"
Sneaker Club(虹悦城店),长虹路222号德盈国际广场2栋710,"118.770962532,32.0143361398"
1点点(紫荆店),雨花东路158号紫荆国际广场2楼,"118.799679374,31.9985134318"
小吴糖水铺,长虹路222号德盈国际广场2栋427室,"118.770962532,32.0143361398"
王者龙虾,雨花西路258号,"118.770659525,32.0020987497"
川色满园烤鱼馆(虹悦城店),应天大街619号虹悦城4层,"118.772547855,32.0151614877"
鱼无双(九都荟店),民和路一号万科九都荟1楼,"118.811970813,31.9754516199"
巴黎贝甜(虹悦城店),应天大街619号虹悦城B1层,"118.772547855,32.0151614877"
小宛宝,新湖大道8号金地自在城4期6栋104室,"118.672614671,31.9118823003"
必胜客(丰盛店),软件大道109号9幢1室29A、B铺位,"119.27758786,26.1190882706"
小小河边鱼(花生唐店),花生唐3栋128号,"118.666930122,31.9144002144"
沙拉拉轻食(南站店),绿地之窗D5-3楼326室,"118.796569511,31.973807634"
鼎尚丰秘制焖锅(紫荆广场店),紫荆花路紫荆广场负一楼,"118.800620978,31.998112511"
麦当劳(京沪高铁南京南站店),京沪高铁南京南站DD-1号,"118.804344185,31.976836829"
嘿糖鲜奶茶饮(雨花客厅店),安德门大街5号雨花客厅2F-12,"113.020200715,28.1464443621"
鼎尚丰秘制焖锅(楚翘城店),安德门大街57号,"118.77107544,31.9768521437"
Mr Calorie 大卡先生沙拉轻食,软件大道109号雨花客厅写字楼3-103,"118.770724023,31.9833965308"
周黑鸭(火车南站店),铁路南京南站到达层7号花车,"118.141467196,24.5404972361"
小鹊悦,软件大道109号8幢2层13号,"119.27758786,26.1190882706"
G9分子冰淇淋(雨花客厅店),安德门大街45号8号楼2F,"118.770262867,31.9834602722"
石榴姐火锅米线(虹悦城店),应天大街619号虹悦城B1层,"118.772547855,32.0151614877"
雍福苑(花神湖店),玉兰路8号,"116.051005727,39.1403654755"
HEYDOG嘿热狗(虹悦城店),应天大街619号虹悦城负1楼中心舞台旁,"118.772547855,32.0151614877"
巧盒(花生唐店),新湖大道8号金地自在城第三街区17幢2室,"118.66999505,31.9109910947"
金陵小吃(汤包、鸭血粉丝),绿都大道13号2幢105-106室一层,"118.798769061,31.976139803"
创秀·音乐餐吧·清吧,安德门大街57-4号,"118.77107544,31.9768521437"
朱氏龙虾馆,铁心桥街道春熙路49号,"118.765397161,31.9663708469"
鮨缘精致料理,锦绣街5号绿地之窗C-503,"118.796569511,31.973807634"
老灶兴,长虹南路439号,"112.145736967,32.0192385536"
世界茶饮(虹悦城店),虹悦城B1层,"108.963963576,34.2494891045"
Hey Juice茶桔便(雨花客厅店),软件大道109号雨花客厅4栋110室,"118.771757172,31.9839615091"
味千拉面(南京虹悦城店),应天大街619号虹悦城负一楼,"118.772547855,32.0151614877"
一点点(西善桥店),游坊城一楼门面房,"118.726498736,31.9718261026"
一品麻辣香锅(紫荆广场店),雨花东路148号紫荆广场负一楼,"118.800620978,31.998112511"
溱湖酒楼,尤家凹路恒大华府北门,"118.753463846,31.9858249209"
沙拉拉轻食(中华门店),雨花西路100号,"118.778938948,32.0111029354"
大舅锅串串香,板桥新城金地自在城4期6栋107号,"117.814051113,39.4927235143"
宜芝多(丰盛店),软件大道119号丰盛商汇内,"118.769958936,31.9823207059"
芙蓉汇酒店,郁金香路19号,"118.782899638,31.987788633"
锅巷火锅(花生唐店),新湖大道花样年·花生唐3楼,"118.667114746,31.9130022375"
星巴克(南京紫荆广场店),雨花区雨花东路158号217，220-222铺位,"113.020200715,28.1464443621"
京茶山手作茶物(铁心桥店),铁心桥江泉路21-16号,"118.756229095,31.970003906"
源香潮汕粥(虹悦后街店),长虹路415号4幢101室,"118.770580114,32.0140759742"
Hello Kitty手作茶坊(雨花客厅店),软件大道109号雨花客厅B1F-28,"118.770724023,31.9833965308"
芒可(虹悦城店),应天大街619号虹悦城4层,"118.772547855,32.0151614877"
KK焙可芮烘焙工作室,雨花东路158号紫荆广场B座916室,"118.800368482,31.99841613"
麦当劳(虹悦城店),长虹路222号虹悦城1楼,"118.772547855,32.0151614877"
徐建萍汤包,雨花新村五村1栋,"118.778790088,32.0005401329"
麻辣煮题(麻辣生活新主张),紫荆花东路1号紫荆广场负一层,"118.800620978,31.998112511"
一樽牛排(花生唐店),新湖大道8号,"110.393843402,21.1803319204"
张无忌火锅米线(紫荆广场店),雨花东路158号紫荆广场负1层115号,"118.800620978,31.998112511"
番茄妹米线(虹悦城店),应天大街619号虹悦城B1层,"118.772547855,32.0151614877"
又卷烧饼,虹悦城负一楼,"108.963963576,34.2494891045"
1點點(江泉路店),江泉路3-7号,"118.756355252,31.9659216933"
彤德莱火锅(雨花台店),雨花西路107号,"118.776459885,32.0070459402"
CoCo都可(紫荆广场店),雨花东路158号紫荆广场负一楼114商铺,"118.800620978,31.998112511"
肯德基(南京虹悦城店),应天大街619号德盈广场负一层,"118.77125591,32.0135291151"
朱记传家菜,雨花东路47号,"118.793311197,32.0038640269"
echo’s私家烘焙,恒大华府15幢169-51,"114.474455697,38.0264885296"
COSTA COFFEE(南京虹悦城店),雨花区应天大街619号虹悦城B1-W10,"113.020200715,28.1464443621"
任记北京烤鸭店,郁金香路3号,"118.803292391,31.9955023055"
肯德基(南京双龙DT店),宁溧公路288号麦德龙超旁,"118.810640139,31.9855419024"
忆辣时光骨汤麻辣烫(虹悦城店),长虹路415号苏尧虹悦后街二楼,"118.770512179,32.0142994602"
果燃掂(虹悦城店),应天大街619号虹悦城4层,"118.772547855,32.0151614877"
桃小厨足球烤吧,新湖大道花生唐3幢125,"110.393873816,21.1802879999"
倍有面(雨花客厅店),铁心桥街道软件大道109号4幢107室,"118.771559429,31.9841486168"
明厨,小行路33-6号,"118.757493758,31.9927185508"
50岚(南京南站),南京雨花台区南京南站负一层A-048号,"118.785952188,32.0119161953"
尊宝比萨(紫荆广场店),雨花东路东路1号,"118.792901338,32.0042277641"
沙拉拉轻食(铁心桥店),宁丹路48-125,"118.761177402,31.951828923"
CAFFE PASCUCCI,安德门大街43号,"118.770272783,31.9840058156"
ZOOCOFFEE(楚翘城店),安德门大街57号楚翘城一楼,"118.771175734,31.976814944"
布利斯面包,安德门大街57号楚翘城1幢109室,"118.770608816,31.9771624573"
老七家湾牛肉锅贴,丁墙路明发商业广场,"118.803368957,31.9822650549"
米四糖五咖啡馆,江泉路21号,"118.756388205,31.9692634839"
木染烘焙工作室,新亭大街66号13-101,"118.65931815,31.9093627917"
蔡氏冷串串(铁心桥店),铁心桥三江学院春园路106号,"118.751753683,31.9648676262"
潘老板炸鸡,江泉路5-7号,"118.756310045,31.9665231983"
米芝莲(虹悦城店),应天大街619号虹悦城B1层W14-14,"118.772547855,32.0151614877"
杨国福麻辣烫(雨花客厅店),雨花客厅4幢102室,"118.771757172,31.9839615091"
鲜道寿司(虹悦城店),雨花区长虹路222号虹悦城四楼电影院旁,"113.020200715,28.1464443621"
柠檬鱼(铁心桥店),铁心桥大道36号,"118.767214164,31.9667139692"
玖约NO.18烘焙馆,虹悦城德盈国际广场2栋1519室,"118.770962532,32.0143361398"
轻养沙拉,赛虹桥街道西营村188号-2,"118.767526662,32.0068521933"
茶野(铁心桥店),铁心桥街道铁心桥大街医院旁门面房18号,"118.767897478,31.968098096"
鸭品记老鸭粉丝汤(铁心桥店),江泉路21-17号,"118.756118357,31.9700109097"
玛格利塔披萨(雨花台区明发店),明发商业广场永辉超市二楼出口处,"117.220865155,31.9230692895"
品纯烘培,龙泉坊16幢118室,"116.656737597,23.6700242503"
果燃掂(雨花客厅店),雨花客厅,"113.020200715,28.1464443621"
又卷烧饼(紫荆广场店),雨花东路158号紫荆广场负一层128号-1商铺,"118.800620978,31.998112511"
笑笑凉皮,铁心桥街道凤翔新城农贸市场内,"118.76397727,31.9770540862"
阿财菜饼店,雨花北路,"118.944141632,32.3316653787"
汉牛仕(雨花客厅店),软件大道109号雨花客厅8幢E-PARK购物中心B1-13a,"118.771655027,31.9822184863"
盱眙於氏龙虾(板桥店),板桥新城花生唐街区,"118.666323473,31.9129011661"
四川酒家,花神大道31号景明佳园创业园底商,"118.783430416,31.9712754956"
你的心跳(楚翘城店),安德门大街57号楚翘城1号楼1层,"118.770992706,31.977122754"
enjoy too,软件大道109号,"119.27758786,26.1190882706"
大陆烧烤,振兴路75号板桥国际关系学院,"118.65847291,31.9288375925"
维利康(梅山一店),国道205板桥街道断山凹21号,"118.639507403,31.9048982163"
金陵人家特色菜馆,丁墙路明发广场1栋,"118.80271418,31.9848251295"
蓝湾咖啡(君悦湖滨店),玉兰路19号格林豪泰三楼,"116.181333897,39.7771706548"
大口牛生鲜牛肉火锅,板桥街道雄风路1号,"118.669910469,31.9290119036"
龙门花甲(三江学院店),江泉路3-6号,"118.756238768,31.9654626948"
蓝湾咖啡(阅城国际店),郁金香路19号,"118.782899638,31.987788633"
鸡鸣汤包(郁金香路店店),郁金香路16号-3,"118.79976267,31.9935331523"
G-coffee绿伴咖啡(锦绣街店),锦绣街5号,"116.527335548,39.7920770412"
九先生哈尔滨水饺(虹悦城后街店),长虹路415号虹悦城后街04栋二楼,"103.382121165,23.3526966518"
折耳猫港式甜品店,玉兰路99号1幢1618室,"118.804147456,31.9826508704"
Regiustea天御皇茶,应天大街619号虹悦城4楼W06号铺电影院旁,"118.772547855,32.0151614877"
喜麻辣雅传奇香锅(楚翘城店),安德门大街楚翘城3幢1楼119号靠近中庭位置,"118.770821388,31.9772557809"
胖哥龙虾烧烤(秦河坊店),秦河坊12栋109号,"118.75744563,31.9690236955"
毕记老南京大碗皮肚面,花神大道11号宏图上水庭院11-17商铺,"118.782275389,31.9838539534"
维利康(花生唐店),新湖大道9号,"110.393843402,21.1803319204"
马大叔与小舅舅香锅冒菜,紫荆广场负一楼,"121.523047723,31.2807606686"
秦老太烧烤,菊花小区农贸市场2楼,"108.180385838,23.7147980154"
nonowater,软件大道119号丰盛商汇6栋107号,"118.768249686,31.9822763342"
唐饼家(南京南站),南京南站到达层,"118.785952188,32.0119161953"
芙蓉树下,卡子门大街99号活力广场1楼,"118.810435325,31.9868285114"
兄弟龙虾馆,西善桥北路62-3号,"118.726252464,31.9674012284"
诺客蛋糕,德盈国际广场2栋708室,"118.770962532,32.0143361398"
飞山蛮干挑粉(乐趴美食城店),软件大道1号口地铁,"119.281403201,26.1181735896"
一樽牛排(楚翘城店),安德门大街57号楚翘城3栋110-113室,"118.770821388,31.9772557809"
老乡鸡(绿地之窗新一代店),绿地之窗C-3,"118.796569511,31.973807634"
肯趣鸭舌鸭脖(虹悦城店),长虹路222号德盈国际广场3栋4楼,"118.771555418,32.0137745261"
百果园(恒仁翠竹园店),郁金香路16号,"118.79976267,31.9935331523"
黑泷太郎(楚翘城店),楚翘城一楼屈臣氏旁,"118.771175734,31.976814944"
肥叔锅贴,小行地铁站,"118.75199076,31.991092452"
无名凉皮小吃店,雨花经济开发区振兴路60号,"118.659038957,31.9285830761"
德克士 脆皮炸鸡,新湖大道花样年·花生唐底商,"110.393873816,21.1802879999"
麦香烘焙,铁心桥街道翠岭银河商业用房B3幢3号,"116.102991586,38.9981065885"
白鹿面馆,长虹路296号雨虹雅苑1楼底商,"118.774288962,32.0093064768"
庄稼人,铁心桥大周路韩府新苑2715号门面,"118.756924853,31.9485833961"
牛芝家(铁心桥店),铁心桥南大周路88号软件谷人才公寓11-102,"118.751456845,31.9454786013"
醉牛刀削面,明发商业广场1317号,"121.271856147,31.3616586147"
千真粥(铁心桥店),"铁心桥大街36号彩虹糖街区,蓝岸尚城2幢11号","118.76656415,31.9672661666"
如意菜饭(南京火车南站店),南京南站站内3层B1检票口,"118.785952188,32.0119161953"
柏楠烧烤,春江路秦河坊7栋,"118.757755125,31.968486938"
成都驿站精品冒菜(万象都荟店),秦淮区永乐路111号万象都荟商业广场一楼108室,"118.8033469,32.0044460746"
蓝湾咖啡(南京南站店),玉兰路99号明发商业广场8幢2楼,"118.804928266,31.9824663844"
鮨松寿司,新湖大道9号3幢4楼429室,"110.393843402,21.1803319204"
虹悦私房菜,虹悦城虹悦后街1楼,"118.771843894,32.0154287351"
三子烤羊腿(铁心桥店),江艺路9-12号,"118.751519179,31.9652718327"
农香居粗菜馆,小行路2号,"118.767934874,31.9984408574"
必胜客宅急送(丰盛店),软件大道119号丰盛商汇1层,"118.769958936,31.9823207059"
南湖中华面馆(三江学院店),雨花区江泉路3-9号三江学院4号门旁,"113.020200715,28.1464443621"
山东人山东情辣子鸡,新湖大道9号花样年.花生唐3幢130-131室,"118.666854065,31.9140431489"
大娘水饺(南京南站店),南京南站DD-3号,"118.785952188,32.0119161953"
宝合大酒店,长虹南路439号,"112.145736967,32.0192385536"
广隆蛋挞王(虹悦城店),应天大街619号虹悦城B1层,"118.772547855,32.0151614877"
涮捞自助餐厅(梅山店),梅山汪海广场3楼,"119.939616024,28.4474909856"
胖子酸菜鱼馆,郁金香路12号,"118.800650879,31.9939283491"
royaltea皇茶(雨花客厅店),软件大道109号8号楼雨花客厅8幢B17-6,"118.771879424,31.9834264306"
江南小镇,雨花东路紫荆广场,"118.800620978,31.998112511"
麦部落(金地店),新湖大道8号金地二期6栋112室,"104.016869693,30.8900651516"
南京戴斯国际酒店,雨花西路97号,"118.777576649,32.0087148412"
柠檬鱼(西善桥店),西善桥北路101号,"118.725951943,31.9659263556"
蒙原碳烤羊腿,春江路秦河坊107号双河酒业隔壁,"82.338512726,44.8578808694"
和风便当日式料理(花生唐店),新湖大道9号4幢104,"110.393843402,21.1803319204"
上古捞面,宁双路7号凤翔新城104号,"118.764783993,31.9770762191"
川鱼坊时尚活鱼馆(板桥店),板桥街道振兴路21号板桥新村,"118.666612285,31.9270307941"
老乡鸡(郁金香路店),郁金香路南京银行隔壁,"121.492391852,31.6875327891"
蜀锦香厕所串串(板桥花生唐店),板桥新城花生唐5栋136号,"118.666323473,31.9129011661"
九佰锅(板桥店),板桥镇雄风路1-9号向阳雅居15幢,"118.669003889,31.9284214647"
石汁味(雨花客厅店),软件大道109号雨花客厅E-PARKT+美食广场内14号档口-1,"118.770724023,31.9833965308"
茶野(宁南大道),郁金香路18号,"118.798944506,31.9931577235"
食尚80茶餐厅,南京雨花台区西春路1号,"118.755392815,31.9746663766"
淮一口餐饮连锁,锦绣街5号,"116.527335548,39.7920770412"
五村饭店,雨花五村,"113.020200715,28.1464443621"
贝尼泰迪de炸鱼薯条(紫荆广场店),雨花东路158号,"118.799679374,31.9985134318"
兄弟烧烤,玉兰路99号明发商业广场1幢1498室,"118.804267199,31.983844847"
CoCo都可(梅山店),宁芜路边段山凹门面房463号,"118.370036827,31.3398002104"
止岸,铁心桥街道铁心桥大街6-8号,"118.768887588,31.9715803907"
孙记烧烤店,安德门大街瑞尔大厦旁,"118.768479323,31.9997840099"
Sweet fan•甜范儿,绿都大道4—2号绿地之窗C2-02,"118.796569511,31.973807634"
红胖胖盱眙龙虾,铁心桥街道春江新城秦河坊12栋102室,"118.760655276,31.9682717155"
南风轩私房菜,玉兰路99号明发商业广场3楼,"118.803368957,31.9822650549"
鑫晶大碗皮肚面,铁心桥春江新城龙泉坊18号,"118.757608987,31.9694809556"
悦江南精品江浙菜,新湖大道8号,"110.393843402,21.1803319204"
柠檬鱼蛙鱼联盟(安德门店),雨花西路258号,"118.770659525,32.0020987497"
陌生缘果品,雨花客厅七栋121室,"118.771879424,31.9834264306"
回家吃饭主题餐厅,铁心桥宁丹路银杏山庄5-45号,"118.768030185,31.9601801796"
彤德莱(春江路店),春江路与江淮路交叉口东100米,"118.764224585,31.9688462188"
韩尚石锅拌饭,雨花西路268号,"118.768950478,32.0004116168"
豪爸爸炖汤(铁心桥店),铁心桥街道江艺路29-2号,"118.751936613,31.969543436"
重庆小面(雨花客厅),宁双路雨花客厅109号,"118.771014773,31.9848035079"
祺翔烧烤,小行路58号,"118.755167348,31.9924939991"
鸡鸣汤包,秦河坊5栋3号,"118.756988213,31.9673894629"
粤鲜阁,铁心桥大周路软件谷人才公寓,"118.751456845,31.9454786013"
青叶藤酒店,铁心桥街道春江路54-13号东,"118.762724554,31.9688776658"
锅小主外卖小火锅(楚翘城店),安德门大街57号楚翘城3栋301-310室,"118.770821388,31.9772557809"
杨国福麻辣烫,绿都大道,"118.796745066,31.9772547493"
安娜·饮品,软件大道111号,"119.27758786,26.1190882706"
曼玲粥店(雨花台店),玉兰路99号2幢51025市,"118.804828282,31.985479386"
N多寿司(紫荆广场店),雨花东路158号,"118.799679374,31.9985134318"
蓝湾咖啡(花神大道店),雨花台花神大道1号，山水时尚酒店2楼,"118.781712111,31.9986935431"
砂锅老爹(楚翘城店),楚翘城,"118.771175734,31.976814944"
彭德楷黄焖鸡米饭,雨花西路210号,"118.774413704,32.0055993987"
新湘缘味庄,小行路29号,"118.759737913,31.9936247071"
御善煌三汁焖锅(板桥店),板桥新湖大道金地自在城对面花样年花生唐商业街区3幢136-140号,"118.668026988,31.9102544686"
YO果吧(紫荆广场店),紫荆花东路1号紫荆广场负一层,"118.800620978,31.998112511"
美满吉(雨花新村店),雨花南路公交四公司对面,"117.305408727,39.1272594495"
绝味鸭脖(雨花客厅店),安德门大街43号3楼,"118.770272783,31.9840058156"
鸡鸣汤包(虹悦城店),虹悦城后街麦当劳对面,"118.773065906,32.0842193296"
Royaltea皇茶(岱山店),盛家岗街6-8号,"118.704572544,31.9504026041"
银水亭日本料理,新湖大道9号花生唐3幢126,"110.393843402,21.1803319204"
知佳麦田私膳牛肉面米饭,锦绣街5号,"116.527335548,39.7920770412"
克莉丝汀(振兴路店),板桥街道振兴路12号,"118.667123796,31.9264152304"
五福鲜味坊,郁金香路1号,"118.803472188,31.9955708176"
麻辣小煮(楚翘城店),安德门大街57号楚翘城1幢108,"118.770608816,31.9771624573"
饥饿熊猫,宁双路80号中和大厦一楼,"118.755993821,31.9760985453"
奶兔星球轻食沙拉,玉兰路99号1幢1210室,"118.804147456,31.9826508704"
紫燕百味鸡(雨花店),能仁里5幢3号门面房,"118.779108329,32.0074155438"
又卷烧饼(岱山店),岱山中路,"118.703335458,31.9452801951"
百果园(万科金色里程店),铁心桥街道铁心桥大街36号04幢10室,"118.767111809,31.9666852023"
百果园(阅城国际店),阅城花园悠然园5栋107,"118.782650511,31.9920598627"
乐悠悠旋转自助火锅,铁心桥街道春熙路蓝岸·尚城东门,"118.767368908,31.9668002658"
和风便当(明发店),玉兰路99号1幢0326室,"118.804147456,31.9826508704"
世界茶饮(雨花西路店),雨花西路111-3号,"118.776055006,32.0068773677"
鲜道寿司(安德门店),安德门大街安德门地铁站KFC旁,"118.768198931,31.9981277073"
猪猪小姐烘焙,湖景路朗诗绿色街区32幢104,"118.65931815,31.9093627917"
淳清大排档(岱山店),西善桥街西柿路道明尚东苑内,"118.722687476,31.9642729794"
福满楼,板桥新城新林大道科创中心一号楼金御华府幼儿园旁,"117.814051113,39.4927235143"
庙东排骨(紫荆广场店),雨花东路158号,"118.799679374,31.9985134318"
风车,花神大道11号,"118.784390116,31.9873134295"
桥头排骨(雨花客厅店),软件大道109号8号楼雨花客厅8幢B17-7,"118.771879424,31.9834264306"
广隆蛋挞王(雨花客厅店),铁心桥街道软件大道109号雨花客厅8幢2F-12号,"118.771879424,31.9834264306"
大脸鸡排(紫荆广场店),雨花东路158号,"118.799679374,31.9985134318"
老金陵烤鸭馆(长虹路店),长虹路439号锦虹丽都15栋,"118.77187855,32.0111995671"
七家湾清真园牛肉锅贴店(牛肉锅贴店),板桥振兴路11-1,"118.666839132,31.926865398"
夫子庙面馆,雨花北路能仁里一号,"118.77713915,32.0077475984"
马路炸鸡(雨花客厅店),铁心桥街道软件大道109号雨花客厅8幢B1F-16e,"118.771655027,31.9822184863"
大官米线,软件大道111号,"119.27758786,26.1190882706"
庙东排骨(景明佳园店),景明佳园创业园39号,"118.783906613,31.9706789049"
味真馄饨,江艺路春江新城新河苑1期,"118.750840291,31.9687688395"
大缘馆,宁双路28号（交警八大队向西200米）汇智大厦1楼,"118.75967689,31.9782464503"
川香烧鸡公,板桥新城花生唐4栋一层131-133号鼎豪KTV金莲水汇对面北京烤鸭隔壁,"116.526715717,39.9390978552"
土灶地锅,西善桥北路54-22号,"118.727887735,31.970074861"
苏客中式餐饮(南站店),南站明发广场永辉超市一楼,"118.803408151,31.9831730669"
上岛咖啡(丰盛店),软件大道119号丰盛商汇3幢5室2层,"118.769378845,31.9821705435"
紫燕百味鸡(铁心桥店),铁心桥街道铁心桥镇农贸市场内,"118.767897478,31.968098096"
如意馄饨(德盈店),应天大街517号,"118.775340466,32.0150834623"
华莱士(雨花台旗舰店),雨花路201号,"112.995278666,28.1659091363"
净梵茶,雨花东路158号,"118.799679374,31.9985134318"
尚汤八珍面(大数据店),软件大道180号A3栋,"119.283131663,26.1181203348"
鹿谷製茶(楚翘城店),安德门大街楚翘城,"118.771175734,31.976814944"
雪狼谷烧烤火锅,春园路升景坊42栋,"118.751619176,31.9649345339"
许乐龙虾,雨花街道明发商业广场永辉超市主入口,"118.803408151,31.9831730669"
甜荟奶霜茶饮(紫荆广场店),雨花东路158号紫荆广场负一层124–1号,"118.800620978,31.998112511"
凡记私房菜,新湖大道9号,"110.393843402,21.1803319204"
猫糖手作,玉兰路99号2幢31148室,"118.804828282,31.985479386"
江南土菜馆,玉兰路99号,"118.805327853,31.9827468108"
秦氏龙虾烧烤,朝阳西苑28幢S2室,"114.877265106,40.833384219"
榴莲甜品(雄风路店),雄风路486号汪海商业街2—125音浪ktv一楼,"118.756187194,31.9699685373"
沐稷咖啡,湖景路1号,"118.662503512,31.9091106776"
鄂滴味道麻辣烫,六朝路喜玛拉雅中心C座12-5号,"118.810354028,31.9727330082"
小鱼羊龙虾,铁心桥街道春江路10号,"118.767399243,31.9688596377"
鸡鸣汤包(板桥店),板桥新城金地体育公园2号楼,"117.814051113,39.4927235143"
七家湾牛肉锅贴(绿地之窗店),玉盘西街4号2号楼4-13室,"118.796386635,31.9763318252"
波叔奶茶,玉兰路99-1号楼明发商业广场内,"118.803368957,31.9822650549"
重庆小面,玉兰路99号明发商业广场1栋1185室,"118.801904387,31.9824686369"
N多寿司(福润雅居店),西善桥街道陇淮路15号01栋1层1-15号商铺,"117.592858994,41.9880422777"
方见糖,景明佳园秋景苑12幢103室,"118.7862969,31.9705392166"
紫燕百味鸡(小行路店),小行路27号,"118.763073671,31.994556604"
水西门鸭子(安德门店),安德门78号01幢202室,"118.7683079,31.9988380843"
N多寿司(奥南城店),西善桥街道岱山中路4号奥南城二楼2085,"118.704481318,31.9449198898"
芝根芝底pizza(铁心桥店),铁心桥春江路2号,"118.768161337,31.9692312288"
万州烤活鱼,雨花台区江艺路9号,"118.751306841,31.9653126601"
碳烤羊腿,新湖大道花样年花生唐商城内5-145号,"118.666854065,31.9140431489"
和风食客(日式料理),玉兰路99号1幢1380室,"118.804147456,31.9826508704"
陈华勇麻辣烫,长虹路411号,"118.769684519,32.0142585567"
香丝扣米线,金地自在城五期一栋1001,"118.668151519,31.9103922249"
台资味(南京明发广场店),玉兰路99号1幢1578室,"118.804147456,31.9826508704"
苗小坛酸汤鱼捞饭(南京南站店),民智路12-6号,"103.824097297,36.0528859625"
老娘舅(绿地之窗店),绿地之窗C-1,"118.796569511,31.973807634"
船木章鱼小丸子、寿司(卡子门紫荆广场店),卡子门紫荆广场负一楼美食广场BHG入口旁,"118.800620978,31.998112511"
盈德私房菜,玉兰路99号明发商业广场1013室,"118.803368957,31.9822650549"
可可家的手工糖水铺(西善桥店),西善北路52号宜家宾馆商铺,"118.729150504,31.9715216035"
喜达屋烘焙(岱山店),岱山中路8-9号,"118.700165817,31.9490929196"
火老头(玉兰路店),玉兰路99号1幢1548室,"118.804147456,31.9826508704"
阿凡提海鲜烧烤总店,西善桥街道徐村街69号西善花苑2期门口,"118.700921463,31.9449719142"
郑文琪龙虾盖浇饭(板桥店),花生唐龙飞路金叶花园西门8-2号,"118.65707092,31.929771635"
华莱士(春江店),春江路49号105室,"118.764701064,31.9687962538"
和善园(南京南站),南站环球美食城,"118.802577218,31.9742225714"
卤人甲(软件大道店),花神大道11-5号,"118.78207467,31.9847143929"
品香老鸭粉丝汤包(雨花西路店),雨花西路108-4号,"118.778445546,32.010643777"
悸动烧仙草(凤翔新城店),铁心桥街道凤翔新城7-3门面房,"118.765384989,31.9764366932"
欣源老卤面,郁金香路18-5号,"118.798675108,31.9930757921"
如意馄饨(紫荆广场店),雨花东路158号紫荆广场负一层120号,"118.800620978,31.998112511"
徐娘记(楚翘城店),安德门大街57号,"118.77107544,31.9768521437"
卤人甲(紫荆广场店),雨花东路158号,"118.799679374,31.9985134318"
蓝湾咖啡(春江新城店),铁心桥春江新城秦河坊4幢108号,"118.756994591,31.9677434218"
和必德大食堂(雨花西路店),雨花西路222号-1,"118.773059618,32.0038239143"
鲜丰水果(南京宏图上水园店),花神大道宏图上水园二期11-3室,"118.784576747,31.9866565895"
小李汤包,宁双路与凤宁路交叉口西200米,"118.763693971,31.9775970367"
外婆记菜饭骨头汤(铁心桥店),铁心桥街道春江新城升景坊40幢111号,"118.752248505,31.9655637025"
二当家美食馆(紫荆广场·花漫里店),雨花东路146号紫荆广场·花漫里B1层百货区,"118.799828403,31.998242732"
美石坊,明城大道明发商业广场1幢1630,"118.803730642,31.982702937"
宝翠粤港料理,安德门大街43号,"118.770272783,31.9840058156"
馍粉の家,板桥新城新湖大道9号4栋1层144室-02,"117.814051113,39.4927235143"
东北烤冷面(明发广场店),玉兰路99号2幢32146室,"118.804828282,31.985479386"
南湖中华面馆(西柿路店),西柿路12号盛家岗街南湖中华面馆,"120.844535426,30.7163579212"
紫燕百味鸡(郁金香路店),郁金香路16号,"118.79976267,31.9935331523"
三娃酸菜鱼(青岛路店),青岛路2号,"126.672330669,45.6308774276"
特色碳香烤鱼,西善桥街道西柿路10号1幢104室,"118.722687476,31.9642729794"
Miller Time米乐时光,西善桥街道福润雅居樟香园25幢30号门面房,"118.737903033,31.9593852473"
七公主卷饼,西柿路明尚东苑101号,"118.702786285,31.9512324756"
江南公社,新湖大道花样年花生唐1楼,"118.666854065,31.9140431489"
金地粗菜馆,金地自在城六期门面房,"118.672301679,31.9091125242"
紫燕百味鸡(南京春江新城店),江泉路苏果超市对面,"112.590420663,37.8701737238"
闻香阁精品菜馆,新湖大道花样年·花生唐底商内,"110.393873816,21.1802879999"
小淮娘鸭血粉丝,安德门大街61号楚翘城一楼,"118.771175734,31.976814944"
优粮制粥(玉兰路店),玉兰路99号1幢1332室,"118.804147456,31.9826508704"
米店,铁心桥三江学院内南商业街20号3号门旁,"118.758574157,31.9630569577"
张亮麻辣烫(三江学院店),铁心桥街道江泉路1号苏博超市旁二楼,"118.756021615,31.9647808371"
悸动烧仙草(新湖大道店),新湖大道花生唐4幢119号,"110.393873816,21.1802879999"
钱记烧烤烤羊腿,西善桥街道宁羌公路明华家园,"118.726328148,31.9664531837"
9484麻辣香锅,赛虹桥街道西营村188号-2（西营汽车服务有限公司院内）门面房12号,"118.767526662,32.0068521933"
徐州人家,铁心桥大街与春熙路交口春江跆拳道斜对面,"118.768545542,31.9662993588"
韩式石锅拌饭(景明佳园店),花神大道景明佳园创业园86号商铺,"118.783207955,31.9715393568"
十秒到云南过桥米线(花生唐店),板桥新城新湖大道花生唐8080美食汇旁,"111.714776964,40.8539018599"
樱花食堂(铁心桥店),铁心桥街道景明佳园创业园45号,"118.784131727,31.9700816832"
FANOS COFFEE法诺士(花生唐店),板桥新城新湖大道9号花样年花生唐街2栋1层133-135室,"117.814051113,39.4927235143"
新四方美食城(阅城店),花神大道106号,"118.780390357,31.9763553859"
老北京烧烤.二子龙虾(铁心桥店),秦河坊12幢,"118.758020636,31.9687954114"
滋绘拉面,软件大道119号6幢104室,"119.27758786,26.1190882706"
乌煎道黑龙茶(软件大道店),花神大道11-10号,"118.782065373,31.9840643903"
座上客(虹悦城店),应天大街619号虹悦城B1层,"118.772547855,32.0151614877"
爱马仕炒饭王(虹悦城店),赛虹桥街道西营村188号2号院78-1号,"118.767526662,32.0068521933"
云海农家菜馆,玉兰路明发商业广场8栋103室,"118.804963117,31.9826217743"
福荣祥烧腊(安德门店),龙福小区幼儿园边第二间,"126.726245001,45.8052896194"
今余甜品,长虹路德盈国际广场2栋412室,"118.770962532,32.0143361398"
qe杯,宁双路7号凤翔新城菜场北门口,"118.764046792,31.9772750659"
老乡鸡(南京西善桥龙淮路店),西善桥街道福润雅居翠竹园,"118.736064167,31.9610165335"
百果园(西善义德店),西柿路10号2幢103室,"118.70314547,31.9492085965"
老成都川菜馆,玉兰路99号明发商业广场1幢1189室,"118.804267199,31.983844847"
擀擀面皮(乐趴美食汇店),花神大道11-24乐趴美食汇,"118.782733726,31.9835174624"
虾无极龙虾,明发商业广场1栋1107室,"118.801904387,31.9824686369"
漫糖时尚烘焙,玉兰路明发广场1栋1607号漫糖烘焙,"118.80271418,31.9848251295"
成都驿站(食面来福),花生唐街区3幢118室,"118.666663594,31.9138530642"
觅姐可以喝的麻辣烫(铁心桥店),江艺路3-5号,"118.751253446,31.9642529249"
柒掌柜,锦绣街,"116.680339894,39.5391435734"
六合特色大碗面,铁心桥春江新城龙泉坊门面房126号苏果平价店后门,"118.756679196,31.9696508858"
我呀便当,雨花西路19-19-2号,"118.781745062,32.0112024177"
七家湾牛肉锅贴,二化机厂路能仁里1号,"118.77713915,32.0077475984"
甜荟(南京南站),绿都大道13号C5-102,"118.798769061,31.976139803"
毛妹大碗皮肚面,春江新城秦河坊9-104室,"118.756954078,31.9692741135"
春风食刻,绿都大道,"118.796745066,31.9772547493"
美萍排档,雨花西路能仁里1号,"118.77713915,32.0077475984"
壹勺间,铁心桥街道宁丹路莱蒙水榭阳光花园06幢1室,"118.767897478,31.968098096"
西安特色面馆,铁心桥街道宁丹路水榭阳光花园1幢8室,"118.758725985,31.9536934615"
贡婆婆甜食铺,雨花西路206号,"118.77534851,32.0068914094"
白下元宵铺,铁心桥街道阳城农贸市场内门面房02,"118.756667126,31.9698359752"
新宁雨冰淇淋冷饮配送中心,一店～雨花西路，二店～广州路。,"118.776959677,32.0084245652"
七家湾牛肉锅贴,宁南大道19号兰芷苑03幢101室,"118.795141113,31.9855062188"
龙门飞爪(铁心桥店),铁心桥街道秦河坊9栋104室,"118.756896586,31.9693782621"
淮南牛肉汤,西善桥街道油坊桥壹号,"118.73412544,31.9812121346"
来份酸菜鱼,小行里33号-8,"118.75362365,31.9915561181"
甜荟奶霜茶饮(花生唐店),新湖大道9号3幢,"110.393843402,21.1803319204"
龙门花甲(大定坊店),铁心桥大定方莱蒙水榭阳光西面58-152,"118.759655248,31.9535103486"
刘家冷面,雨花西路210号,"118.774413704,32.0055993987"
沙拉共和(明发广场店),玉兰路99号明发商业广场1栋2022室,"118.801904387,31.9824686369"
小泽面馆,赛虹桥街道恒大华府169-69号,"118.752383005,31.9861375088"
龙门花甲(雨花西路店),雨花西路102号,"118.778599872,32.0107676078"
潘老板炸鸡(软件大道店),软件大道地铁站1号出口旁,"119.281403201,26.1181735896"
陕老顺,凤信路凤翔新城一期门口,"118.763715001,31.97476225"
老乡鸡(南京自在城店),新湖大道金地自在城5期1幢103号,"118.668151519,31.9103922249"
西安面馆,玉兰路99号3幢,"118.803419191,31.9824231015"
正新鸡排(福润店),龙西路197号,"120.62437212,31.2720400772"
爱吃堡私房披萨,雨花大道8号雨花台区体育中心游泳馆内,"118.786806016,31.9906227659"
飞山蛮米粉铺子,明发商业广场2栋30001号,"119.502177549,32.3882309536"
米德宝(岱山店),岱善路,"118.702030744,31.9456384452"
杨老斯馄饨鸭血粉丝,雨花新村二村39号门面房,"118.7809893,32.0050389963"
老乡鸡(春江路店),铁心桥街道凤翔山庄86A,"118.767504002,31.969495008"
陈华勇麻辣烫(铁心桥店),铁心桥街道春晓路22号,"118.759554096,31.9662281364"
悸动烧仙草(岱山中路店),西善桥街道岱善新城岱山中路6号7室,"118.701518771,31.9476910121"
陈华勇麻辣烫,西善桥路54-12号,"118.724953227,31.9672571956"
肥叔锅贴(梅山菜市场店),西善桥街道矿部农贸商场房1号门面房,"118.695842213,31.9566287483"
龙门花甲(景明佳园店),花神大道景明佳园创业园33号,"118.782846521,31.9720001253"
鲟开心便当(明发广场店),明发商业广场1幢1585商铺,"118.803730642,31.982702937"
知味鮮包,明发滨江新城329 栋,"118.75270111,32.1413355996"
香汁川味麻辣烫,铁心桥春江佳园19栋C20门面房,"118.760941656,31.9662591132"
仕客德(板桥新城店),板桥新城新亭大街新林芳庭69-11号商铺,"117.814051113,39.4927235143"
老味儿面馆,龙淮路樟香园13号,"118.737701774,31.9607329869"
z一口寿司(铁心桥店),铁心桥街道宁丹路5号银杏山庄小区5-20号门面房,"118.769080322,31.9608658194"
如意馄饨(大定坊店),铁心桥韩府山庄四号门面房,"118.760108028,31.9493473745"
座上客(00257振兴路店),板桥振兴路1号,"118.66743325,31.9265317358"
座上客(00248凤翔山庄店),铁心桥铁心村凤翔山庄04栋,"118.767802015,31.9692434816"
红灶台土菜馆,丁墙路明发商业广场99号1幢1006,"118.803020622,31.9852691349"
三江港记饮品,铁心桥街道龙西路三江学院南商业街12号,"118.758574157,31.9630569577"
鲜丰水果(南京雨花西路店),雨花西路136号,"118.775946524,32.0076294511"
钱宝儿和风便当(秦河坊店),铁心桥街道春江新城秦河坊1幢105室,"118.756978383,31.9664794778"
绝味鸭脖(蜜刻城店),南京南站蜜刻城A-059,"118.804514863,31.9753972354"
座上客,西善桥梅山农贸市场门面,"118.730501855,31.9588799435"
Z一口饮品寿司,西善桥街道西善花苑社区综合楼02幢1-2层,"118.777048004,32.0272552252"
野兽派鲜果•沙拉•轻食料理,铁心桥街道升景坊39幢104室,"118.752278646,31.965183916"
烧仙草(江泉路店),江泉路三江大学4号门斜对面,"118.758645136,31.963527104"
御珍品包子店(盛家岗街店),盛家岗街与西柿路交叉口东南150米,"118.70525713,31.9497324152"
大叔的丝袜奶茶铺(三江学院店),江泉路15-4号,"118.756538567,31.9681050634"
避风塘简餐,龙淮路15号1栋1层,"118.737131831,31.959156811"
百度烧烤,宁丹路银杏山庄5-32号,"118.769080322,31.9608658194"
和记养生粥铺,玉兰路99号2幢51109室,"118.804828282,31.985479386"
悠可蜜儿(铁心桥店),铁心桥街道三江公寓1幢106室,"118.755499002,31.9624120283"
安庆小吃(大定坊店),铁心桥街道水榭阳光花园07幢26室,"118.758725985,31.9536934615"
哈尔滨水饺(三江学院店),三江学院四号门,"118.756131439,31.9645918369"
振永牛肉汤,站东路3-5-7号地块九都荟花园F04幢14室,"120.407800639,27.5130196384"
七家湾牛肉锅贴店(福园路店),铁心桥大定坊福园路9-10号,"118.755751561,31.9516571178"
彭德楷黄焖鸡米饭,铁心桥街道春江路11号，肯德基斜对面,"118.766519128,31.9686922426"
庙东排骨,三江学院主校区四号门口,"116.735634956,23.383360797"
七家湾牛肉锅贴(岱山店),西善桥街道岱善新城单家村街8-25号久九伴生活购物广场1F02、03号商铺,"118.704860802,31.944027427"
紫燕百味鸡(梅山店),板桥街道雄风路466-1号,"118.638250146,31.904723666"
川海丰尚(凤翔新城店),铁心桥街道凤宁路凤翔新城37幢8号门面房,"118.765322063,31.9766537798"
张秀梅烤肉拌饭(西善桥南路店),西善桥街道建宁四村7-3号,"116.793071368,26.8177412524"
煎饼小吃,小行路,"118.75588798,31.9924526502"
叫了个鸡,龙西路318-1号6室,"120.623619732,31.2789316856"
口福蛋糕(铁心桥店),铁心桥农贸市场门口1号,"118.764361699,31.9676481078"
回香鸭血粉丝,梅山街道梅山农贸市场东129号门面房,"121.989006621,29.7913755825"
蛮牛私房菜(岱山店),西善桥街道西柿路9号1幢112室,"120.14038158,30.294991851"
牛首释爱咖啡馆,牛首山文化科技产业园13栋阙舍文创1楼,"105.885649749,24.9832579576"
巴弟鸡排,西柿路110号,"118.703989175,31.9498984294"
正新鸡排,三江学院四号门门口,"118.756131439,31.9645918369"
芝士荟,玉兰路99号1幢4013室,"118.804147456,31.9826508704"
圣德斯(长虹路店),长虹路302号附近,"118.11043084,24.5311834306"
仕客德(景明佳园店),铁心桥街道景明佳园创业园75号,"118.782731613,31.9717718855"
佳明汤包,丁墙路明发商业广场1幢1187室,"118.804267199,31.983844847"
忆辣时光骨汤麻辣烫,岱山新城单家村街8-24号,"122.260359147,30.3194155865"
壹睿老卤面,大定坊福园路9-28号,"118.755721782,31.9510896512"
芭特弗莱餐厅,凤集大道15号,"118.647228453,31.9406065897"
忘不了大排档,大定坊福园路9-16号,"118.755751561,31.9516571178"
淮南牛肉汤,秦河坊8号,"118.756987849,31.9673894372"
丁记金牌面馆,盛花路附近,"113.813679564,23.1098528727"
和善园(西柿路店),西柿路9号3栋104门面,"118.70295745,31.9505246002"
喵喵咖啡甜品,软件大道109号雨花客厅5号楼807,"118.771618422,31.9848777492"
杨记老卤面,大定坊春晓农贸市场,"118.754027332,31.950615322"
肥肠大碗面,福圆路7-10,"118.755857696,31.9517123426"
放心油条豆浆,管道路春晓农贸市场东面,"118.754027332,31.950615322"
泵感食族轻食健身餐,玉兰路99号2幢51078室,"118.804828282,31.985479386"
哆可(中华门店),雨花西路100号中华门地铁站3号出口,"118.778938948,32.0111029354"
紫燕百味鸡(西善北路店),善桥街道西善桥北路91-3号门面房,"118.729181262,31.9710691962"
九尺鱼虾,春江路紫荆花路26号,"118.795778492,31.9963477684"
米多面多(雨花西路店),能仁里1号,"118.77713915,32.0077475984"
臧书羊肉(小行店),赛虹桥街道恒大华府03幢2室,"118.753463846,31.9858249209"
赵记皮肚大碗面(西善桥分店),西善桥街64号-12号,"118.725204368,31.9659726945"
诸葛烤猪蹄,明城大道永辉超市东门口,"118.803408151,31.9831730669"
新疆爸爸烧烤,铁心桥街道宁丹路水榭阳光花园1栋9室,"118.758725985,31.9536934615"
金陵福记汤包馆(油坊桥店),西善桥北路50号,"118.729011359,31.9713876322"
重庆食府,铁心桥春园路11号,"118.752851686,31.9647249245"
鱼塘人家,石华街17号,"118.794104617,31.9756304105"
香芋喳咋,铁心桥江泉路5-3号,"118.756319091,31.9663962985"
放心油条豆浆店,花神大道景明佳园创业园,"118.782846521,31.9720001253"
叫了个炸鸡,铁心桥街道宁丹路18号,"118.764545649,31.957995299"
Mr.Baker烘焙先生(面包 咖啡 下午茶),铁心桥春江路建设银行对面,"118.765487642,31.9690076206"
小姐姐的贪吃铺,铁心桥春江新城秦河坊9幢3号,"118.756987849,31.9673894372"
龙门花甲(板桥新城店),新湖大道西100米金地体育公园综合馆A,"118.663597528,31.9102012229"
兴旺餐厅,铁心桥街道凤翔新城7-15号门面房,"118.765384989,31.9764366932"
杨国福麻辣烫,花神大道23号5号楼一层,"118.785039472,31.9789655693"
蓝湾咖啡(科创城店),铁心桥南大周路88号软件谷人才公寓11-201,"118.751456845,31.9454786013"
李家桂花酒酿大元宵,雨花西路疾病预防控制中心旁,"118.789221385,32.0198662492"
金陵大碗皮肚面,雨花北路大宋炒货东南侧,"118.76501098,32.0820039748"
九先生哈尔滨水饺(岱山店),西柿路12号1幢102室,"118.704618978,31.9498656438"
文房四堡(西善桥店),西善桥泰山南路梅山农贸市场13号,"118.7300807,31.9584168363"
尹氏家常菜,衡村街平治东苑西南门南行30米,"118.707163663,31.9474718754"
欣盛汽车烤吧,宁丹路28号翠岭银河B区17号门面房,"118.763545525,31.9586385798"
梁记烧烤,龙淮路17号,"118.737453177,31.9603327458"
久焖提督瓦香鸡米饭,春江路1011号附近,"119.686895419,29.796234946"
玉轩楼精品菜,西善花苑单家村街8-21,"118.704806964,31.9438939621"
欧焙特烘焙,板桥街道青年路南京中天专修学院南门东200米,"118.772407627,31.9389487822"
雪绒花,铁心桥街道大定坊福园路9-22门面,"118.75397368,31.9517800522"
高岗里小马牛肉面(铁心桥店),春江路54号-4春江商贸城内,"118.757036277,31.9693109135"
和善园(长虹路店),长虹路415号1幢102室,"118.770511125,32.0141052366"
巴拉慕,玉兰路99号明发商业广场1栋4007室,"118.801904387,31.9824686369"
赛汉塔娜羊蝎子(花生唐店),板桥新城花生唐3栋1层120-121号，2层118-122号,"118.667133797,31.9137662718"
好运来鸭子店(小行路店),小行路27号04幢104室,"118.761965185,31.9945696151"
锅盖头火锅,雨花东路158号1幢722室,"118.800206051,31.9990555945"
李氏口溢汤包店,西善桥街道西柿路10号4幢101室,"118.722687476,31.9642729794"
朱氏烧烤,板桥街道振兴路58-1号,"118.663417463,31.9286503616"
赵大大鸡排,振兴路与青年路交叉口东300米,"118.658928711,31.9284156212"
如意馄饨,安德门大街天隆寺东北100米,"118.769434729,31.9859899528"
香皖煲仔饭,铁心桥街道韩府山庄02幢3号门面房,"118.75983745,31.9492538821"
青露,板桥新城金地自在城第二街区6幢103,"117.814051113,39.4927235143"
老滋味排骨米饭(玉兰路店),玉兰路与丁墙路交叉口,"118.799892505,31.9834566023"
吕品香老鸭粉丝汤包,雨花西路210号,"118.774413704,32.0055993987"
砂锅牛肉汤麻辣烫,铁心桥街道定坊和苑小区福园路9-26号,"118.754097886,31.9515034941"
春江小院,春江路凤翔山庄旁,"106.056776085,30.7335464988"
杨铭宇黄焖鸡米饭(王燕路店),宁丹路18-27号翠岭银河苑,"118.765751462,31.9591589171"
紫燕百味鸡(金地城店),板桥新城金土地农贸市场1层9号,"117.814051113,39.4927235143"
兰州拉面(西善花苑邱村街),西善桥街道西善花苑梅山村邱村68号36号商铺,"118.722687476,31.9642729794"
七尾虾南站店,雨花区玉兰路99号明发永辉超市正门旁,"113.015762682,28.113380896"
牛肉拉面(新林大道店),新林大道东50米,"118.657973757,31.9154066282"
阿婆&卤肉便当,铁心桥街道福园路7-4号,"118.755766488,31.9511158978"
安可瑞烘焙(郁金香路店),郁金香路19-9号,"118.782029844,31.9877078284"
和善园(大周路),大周路春晓农贸市场一楼8号,"118.754027332,31.950615322"
和善园,宁丹路5-8号,"118.768690709,31.9613326235"
肥叔锅贴(金地自在城店),板桥新城金地自在城第二街区2-12幢6号,"117.814051113,39.4927235143"
贝尼泰迪de炸鱼薯条,新湖大道9号花生唐4栋144-1室,"118.666930122,31.9144002144"
小喜悦(南京南站店),锦绣街绿地之窗C5,"118.796569511,31.973807634"
茶都烧烤,南站茶都石华街17号3幢106室,"118.793038112,31.9747854012"
盱眙龙虾(振兴路店),振兴路60号,
悸动烧仙草(板桥店),板桥街道振兴路20号,"118.666900694,31.9266953394"
苏客,花生唐苏果超市一楼,"119.529976344,35.4176954137"
黑玉饮铺(铁心桥店),铁心桥街道春江路2-105号,"118.768216493,31.9691885355"
四川人家,春园路11号1栋101室,"118.753482106,31.964725497"
卤人甲(三江学院店),龙西路三江学院四号门,"118.756131439,31.9645918369"
云南过桥米线,西善桥街道西柿路12号5幢106室,"117.695495431,41.9186874953"
石小沫煎饼果儿,花神大道,"118.781686583,31.9728191581"
卤人甲(岱山店),盛家岗街明尚东苑2栋107,"118.703523944,31.9508783248"
老字号皖南鸡蛋灌饼＆炒饭＆炒面,铁心桥街道松林风情街第3楼第10室,"118.756261215,31.969710235"
店祥牛肉面馆,长虹路虹悦后街世纪华联旁,"118.782063534,32.011148151"
高岗里小马牛肉面,明发商业广场1栋1163室（永辉超市门口,"117.251781005,31.8872031502"
丸茶一派,宁芜公路91-8号,"118.612540687,31.8551889949"
冰冰糖糖,雨花东路158号,"118.799679374,31.9985134318"
绝味鸭脖(明发广场店),雨花街道玉兰路99号1幢1315室,"118.804147456,31.9826508704"
花盛寿司,铁心桥街道软件大道109号雨花客厅8幢3F-04d,"118.771879424,31.9834264306"
篱笆小镇酸菜鱼(春江新城店),铁心桥街道春江新城江艺路11-8号,"118.751359487,31.9659891865"
淮南牛肉汤,玉兰路99号明发商业广场,"118.803368957,31.9822650549"
春红烧烤,江艺路5号,"118.753086872,31.9647910162"
腾记大碗皮肚面,西柿路灵动之心幼儿园对面,"103.809525165,30.415661267"
陈华勇麻辣烫(明发广场店),玉兰路99号1幢1316室,"118.804147456,31.9826508704"
芝士萌萌哒,春晓路春江佳园13栋D16号,"118.761976279,31.9664022457"
优麦点(原麦香城食品),板桥振兴路45号,"118.665838112,31.9274402641"
绝味鸭脖,雨花东路158号紫荆广场负一楼,"118.800620978,31.998112511"
锅先森台湾卤肉饭,软件大道119号丰盛商汇6栋108号,"118.768249686,31.9822763342"
座上客(00283玉兰路店),玉兰路99号明发商业广场永辉超市收银台出口,"118.803408151,31.9831730669"
东北虎烧烤,江泉路11-1号附近,"118.756568874,31.9674654449"
盱眙徐记龙虾(岱山一店),衡村街10-5盱眙徐记龙虾岱山一店,"118.538232467,32.9716131258"
米德宝(雄风店),梅山雄风路486号,"118.636635175,31.9039777243"
美满家(岱山店),西山桥街道岱善新城单家村街8-25号久九伴生活购物市场,"118.704806964,31.9438939621"
崇玉轩麻辣香锅(软件大道店),花神大道11-24号乐趴美食城,"118.782733726,31.9835174624"
东北鸿福客水饺(【板桥店】),板桥街道板桥新村10幢3号门面房,"119.429186633,34.650898655"
蓝鲸小龙虾盖饭,铁心桥春江新城秦河坊7幢1014室1楼,"118.757107138,31.9680604943"
家喆料理,龙福小区幼儿园第2号门面房,"126.726245001,45.8052896194"
福荣祥烧腊(湖南路店),玉兰路99号1幢1570室,"118.804147456,31.9826508704"
大叔的丝袜奶茶(虹悦城店),长虹路298号2单元103室,"118.774591695,32.0084598164"
吉祥馄饨(东升裕园店),龙西路197号,"120.62437212,31.2720400772"
桥头排骨(善水湾店),西善桥街道陇淮路,"118.695842213,31.9566287483"
YouSeeCafe,软件大道168号润和软件园北大门,"118.76480263,31.9798780715"
红霞餐厅,铁心桥街道凤翔新城宁双路7-12号,"118.765303235,31.9755145816"
味全披萨,铁心桥街道景明佳园创业园98号,"118.783158682,31.9716323607"
天天烧烤,东升山庄公交站台旁,"105.584312571,30.5144617429"
绿叶川菜馆,雨花新村二号路,"118.781140549,32.0048428259"
西北牛肉面,赛虹桥街道小行路27号金蕊家苑门口,"118.763073671,31.994556604"
滋麻官麻辣烫香锅,板桥街道振兴路31号,"118.666333672,31.9271963229"
座上客(00419花样购物店),"板桥新城新湖大道9号,花生唐4号楼,华润苏果一层116商铺","117.814051113,39.4927235143"
哈姆特(福润雅居店),龙淮路西善桥街道东升裕园14幢北铺东5号,"118.738123139,31.9645049349"
面娘老鸡汤特色面馆,花神大道,"118.781686583,31.9728191581"
轻甜印象(铁心桥店),大周路29号,"118.752009804,31.9487728976"
零点烤吧龙虾,铁心桥街道定坊嘉苑13-13号,"118.75016216,31.9514777653"
柠檬工坊,铁心桥街道宁丹路48-17号,"118.761177402,31.951828923"
紫燕百味鸡(龙西路店),西善桥街道南京福升农贸市场南面1号商铺,"118.737403058,31.9624992152"
兰州拉面(雨花台店),共青团路23号,"116.595257245,35.4288760913"
美乐,金地自在城第四街区6幢105室,"118.672276566,31.9120578247"
清真大西北牛肉拉面,凤翔新城一期38幢8号门面房,"118.764353682,31.9748867021"
上海生煎包(铁心桥店),铁心桥街道秦河坊9幢8号,"118.75685689,31.9694678403"
艾尚麻辣香锅,玉兰路99号2幢51010室,"118.804828282,31.985479386"
和善园(金地自在城),新湖大道8号金地自在城第一街区B幢4室,"118.669281474,31.913589195"
功夫手擀面,郁金香西路11号,"118.786525397,31.9907338601"
和善园(明发店),玉兰路99号1幢1368室,"118.804147456,31.9826508704"
今晚吃鸡大吉大利,西善花苑梅山村邱村68号,"118.700921463,31.9449719142"
福来记黄焖鸡米饭,铁心桥街道定坊和苑福园路9－51号,"118.75397368,31.9517800522"
水芙蓉蛋糕店,玉兰路99号明发商业广场1栋1559，1560,"118.801904387,31.9824686369"
青罗湾无骨酸菜鱼,玉兰路99号2幢31128室,"118.804828282,31.985479386"
寅春老卤面,明尚东苑南门盛家岗街6－5号,"118.704088099,31.9504618851"
尚膳香水饺自助,郁金香路,"121.492391852,31.6875327891"
七家湾牛肉锅贴店,景明佳园创业园93号,"118.783134564,31.9716132349"
星悦西餐厅,西善桥街道善水湾小区沿街商铺,"118.736696644,31.9587049649"
叫了个鸡(安德门店),雨花西路258号2幢114室,"118.770552836,32.0022519305"
正新鸡排(虹悦城店),集合村路83号,"118.780590253,32.0135613079"
王贵仁砂锅麻辣烫(铁心桥店),铁心桥街道铁心桥大街111号,"118.768821597,31.9657911105"
星沏屋,软件大道恒大华府底商68号,"118.753463846,31.9858249209"
拔丝蛋糕,江泉路3-18号,"118.756355252,31.9659216933"
正新鸡排(新城店),板桥新城花生唐成龙影院隔壁,"117.814051113,39.4927235143"
紫燕百味鸡(茶都店),双龙龙嘉园石华街18号码1号,"118.794890516,31.9751295663"
欣源老卤面,软件大道地铁旁,"119.281403201,26.1181735896"
惠友居,西善桥街道龙西路193—8,"118.737532609,31.9643878964"
沙县小吃,长虹路415号,"118.770512179,32.0142994602"
叫了个鸡(春园路店),铁心桥街道春园路农贸市场内,"118.75478439,31.9649697337"
大叔的丝袜奶茶铺(花生唐店),新湖大道9号花生唐3栋117,"118.666930122,31.9144002144"
钟老头砂锅(二店),雨花新村三村8幢103室,"118.781639244,32.0016866681"
杨胖子砂锅麻辣烫(板桥店),雨花经济开发区凤集大道15号60幢B02-207室,"118.648126302,31.9434320861"
宏旺盛鸭血粉丝小笼汤包,雨花北路,"118.944141632,32.3316653787"
甜荟奶霜茶饮(春江路店),春江路秦河坊8栋,"118.757755125,31.968486938"
布利斯,雨花西路108号,"118.778355029,32.0105450954"
美满吉(名城世家店),赛虹桥街道名城世家花园,"118.756765965,31.9952692577"
沙县小吃(软件大道店),软件大道,"119.281403201,26.1181735896"
李先生牛肉饭,玉兰路99号1幢1155室,"118.804147456,31.9826508704"
锦华酒楼,雨花经济开发区锦华新城生鲜市场13、14号,"108.991538658,34.2714737802"
潘老板炸鸡(岱山店),西善桥街道西柿路10号6幢101室,"118.722687476,31.9642729794"
人何土菜馆(陆掌柜土菜馆),铁心桥宁丹路翠岭银河28-23号,"118.764259098,31.9574517073"
绝味鸭脖(花生唐店),板桥新城花生唐2幢一层门面房,"118.667133797,31.9137662718"
清真新疆好友烧烤美食(春江路店),铁心桥大道26-4号凤翔山庄5区,"118.767729895,31.9681177288"
老饭碗大食堂,花神大道11-24号,"118.782733726,31.9835174624"
烧鸡公and火锅,玉兰路99号2幢51008室,"118.804828282,31.985479386"
食来食往(铁心桥店),铁心桥街道春江新城秦河坊1栋3号,"118.75694478,31.9663872739"
袍哥冒菜(岱山店),西善桥街道西柿路9号1幢110室,"120.14038158,30.294991851"
饭塔,铁心桥街道三江学院北商业街16号,"118.758490315,31.9632747235"
荣氏饭店,安德门78号101-7,"118.7683079,31.9988380843"
朝天椒麻辣烫,花神大道景明佳园创业园54号,"118.783207955,31.9715393568"
食来运转私房菜,板桥新城新林大道金域华府东大门7-20，7-21号,"117.814051113,39.4927235143"
沙县小吃,明城大道明发商业广场1-1196号,"118.803368957,31.9822650549"
白下元宵铺(板桥新城店),板桥新城花生唐4幢413,"118.667133797,31.9137662718"
蚂蚁diy甜甜屋,板桥街道朝阳西苑16幢9号,"118.657041429,31.9229368643"
有菜有饭,软件大道丰盛商汇1栋101号,"118.769170044,31.9822642636"
安庆馄饨,能仁里二村能仁里农贸市场旁1号门面,"118.77925668,32.0063720472"
美满吉(贾西新苑店),西善桥街道七贤街16号7室,"118.741456152,31.9656521955"
兰州拉面,玉兰路99号2幢31161室,"118.804828282,31.985479386"
第一羊肉汤,铁心桥街道春江新城秦河坊9-104室1号,"118.756954078,31.9692741135"
小草屋,软件大道180号07栋5层512室,"119.283131663,26.1181203348"
老南京鸭血粉丝(黄焖鸡，麻辣烫，水饺),雨花区经济开发区凤集大道15号,"113.020200715,28.1464443621"
彭德楷黄焖鸡米饭(大定坊店),铁心桥街道定坊和苑福园路9-26号,"118.754097886,31.9515034941"
如意馄饨,三江学院5号食堂,"116.735634956,23.383360797"
宁惠脆皮烤鸭店(铁心桥店),铁心桥西春路2-7号,"114.438139955,38.0333645501"
福源精菜馆,岱山新城西柿路9号3栋101室,"122.260359147,30.3194155865"
皋米-米食米味(金地店),莲花湖东街金地自在城第四街区7栋2室,"118.672276566,31.9120578247"
百百味美食,雨花南路24-2号,"118.778964872,31.9996829267"
华莱士(岱山店),西柿路10号5幢,"118.702337283,31.948475892"
郑记麻辣烫,雨花西路109号,"118.776569372,32.007561043"
正宗徐州羊肉汤,铁心桥街道景明佳园创业园59号,"118.782890359,31.9716385635"
小沈大排档,江泉路21-20号,"118.75617614,31.9701254071"
美满吉(大定坊),铁心桥街道定坊和苑福园路9-27号,"118.755620453,31.9507795678"
许记盖浇饭(铁心桥店),江泉路21-15号,"118.756358199,31.9693831885"
黑龙饺子馆,西善桥街道西柿路12号5幢108室黑龙饺子馆,"114.02949762,22.9928196891"
中国兰州拉面,春江新城江艺路27-1号,"118.752046963,31.9687721427"
安庆馄饨店台球桌旁,景明佳园颂景苑6栋,"118.783897298,31.9725244037"
好粥道,能仁里6幢49号,"118.779108329,32.0074155438"
巴弟鸡排(雨花西路店),雨花西路111号,"118.776055006,32.0068773677"
曾记酸菜鱼,板桥街道工兵路69-4临,"118.663713647,31.92527167"
沙县小吃,江泉路先声再康旁,"118.756430323,31.9656134226"
柠檬GOGO,凤台南路与长虹路交叉口凤凰和美旁,"118.76962459,32.0154790448"
和善园(江泉路店),江泉路21-5号,"118.756358199,31.9693831885"
老莫大排档,江艺路23-1号附近,"118.752057501,31.9678823439"
沙县小吃(西善桥北路店),西善桥街道西善桥28号119室,"121.17457268,31.1945053407"
203排档,板桥街道近华村杨戴,"118.657417609,31.9282177337"
回味麻辣烫,铁心桥街道韩府山庄三期2期9号门面房,"118.758476327,31.9499654354"
老友记黄焖鸡米饭(大定坊店),铁心桥街道韩府三期01幢2号,"118.757893256,31.9507092531"
马鞍小肠牛肉面馆,西善桥街道单家村街8-23号,"118.704806964,31.9438939621"
和善园(西善花苑),西善桥街道梅山村邱村70号福诚超市百货店右侧第三间门面,"118.695842213,31.9566287483"
如家外卖,明城大道明发商业广场1栋1302室,"118.801904387,31.9824686369"
张三煲面馆,板桥街道向阳雅居15幢104号,"118.669003889,31.9284214647"
谷味家常菜馆,西善桥街道盛家岗6-14,"118.703869971,31.9504679769"
